<?xml version='1.0' encoding='UTF-8' ?>
<timeLogEntries>
  <time id="8" path="/Reporte-PSP0/PSP0/Planning" start="@1632788379797" delta="65" comment="Diseño del diagrama de clases con hoja y papel" flag="A" />
  <time id="9" path="/Reporte-PSP0/PSP0/Compile" start="@1632792357251" delta="29" comment="Compilación del programa para probar el ejemplo del enunciado" flag="A" />
  <time id="10" flag="D" />
  <time id="3" comment="Tad MyStack" flag="M" />
  <time id="4" comment="Tad MyLinkedList" flag="M" />
  <time id="6" comment="Análisis de complejidad temporal" flag="M" />
  <time id="7" start="@1632500823000" comment="Análisis de complejidad espacial" flag="M" />
  <time id="1" comment="Implementación método main para leer la entrada" flag="M" />
  <time id="2" comment="Implemetación y creación de los métodos que permiten la creación de la lista enlazada de juegos del cliente" flag="M" />
  <time id="5" comment="Algoritmos de ordenamiento: insertio and bubble sort" flag="M" />
</timeLogEntries>
